Region,Pathways
Alaska Rugby Referee Society,NA
Arizona Rugby Referee Society,West
Back10 Pros,NA
Deep South Referee Society,South
East Penn Rugby Referee Society,East
Florida Rugby Referees Association,South
Hawaii Rugby Referee Association,NA
Lonestar Rugby RS,South
Mid-American Referee Society,Midwest
MidSouth Rugby Referee Society,Midwest
Ohio Rugby Referees Society,Midwest
Allegheny Rugby Referee Society,Midwest
Chicago Area RFU Referee Society,Midwest
Indiana Referee Society,Midwest
Wisconsin Referees Society,Midwest
Iowa Rugby RS,Midwest
Michigan Referees,Midwest
Minnesota Rugby Referee Society,Midwest
Montana Rugby RS,West
New England Rugby RS,East
New York State Rugby Referees Society,East
NIRA Referees,NA
North-East Rugby RS,East
Northern California Rugby Referee Society,West
Pacific North West Rugby RS,West
Potomac Society Rugby Football Referees,East
Referee Society Of Virginia,East
Rocky Mountain Rugby Referees Society,West
Rugby Idaho Referee Society,West
Rugby Oregon Referees,West
Rugby Referee Society Of New York,East
Southeast Rugby Referee Society,South
Southern California GU - Rio Grande Union & Referee Society,West
Southern California Rugby Referees Society,West
Texas Rugby Referee Association,South
Utah Rugby Referee Society,West
